tokenID,name,description,file_name,attributes|Color,attributes|Level,attributes|Birthday
1,title1,description1,https://line-objects-dev.com/dapp-portal-item/origin/N676e2a2a0afd4d56de169552/1.png,Green,5 level,2024.12.5
2,title2,description2,https://line-objects-dev.com/dapp-portal-item/origin/N676e2a2a0afd4d56de169552/2.png,Red,3 level,2024.12.6
3,title3,description3,https://line-objects-dev.com/dapp-portal-item/origin/N676e2a2a0afd4d56de169552/4.png,Brown,5 level,2024.12.7
4,title4,description4,https://line-objects-dev.com/dapp-portal-item/origin/N676e2a2a0afd4d56de169552/3.png,Red,4 level,2024.12.8
5,title5,description5,https://line-objects-dev.com/dapp-portal-item/origin/N676e2a2a0afd4d56de169552/5.png,Red,5 level,2024.12.9
6,title6,description6,https://line-objects-dev.com/dapp-portal-item/origin/N676e2a2a0afd4d56de169552/6.png,Green,5 level,2024.12.10
7,title7,description7,https://line-objects-dev.com/dapp-portal-item/origin/N676e2a2a0afd4d56de169552/7.png,Blue,1 level,2024.12.11
8,title8,description8,https://line-objects-dev.com/dapp-portal-item/origin/N676e2a2a0afd4d56de169552/8.png,Brown,5 level,2024.12.12
9,title9,description9,https://line-objects-dev.com/dapp-portal-item/origin/N676e2a2a0afd4d56de169552/9.png,Green,5 level,2024.12.13
10,title10,description10,https://line-objects-dev.com/dapp-portal-item/origin/N676e2a2a0afd4d56de169552/10.png,Green,5 level,2024.12.14